Page,Title,Price_GBP,Rating,Availability,Source_URL,Rating_Label
33,The Perfect Play (Play by Play #1),59.99,Three,In stock,http://books.toscrape.com/catalogue/the-perfect-play-play-by-play-1_352/index.html,3-Star
31,Last One Home (New Beginnings #1),59.98,Three,In stock,http://books.toscrape.com/catalogue/last-one-home-new-beginnings-1_383/index.html,3-Star
44,Civilization and Its Discontents,59.95,Two,In stock,http://books.toscrape.com/catalogue/civilization-and-its-discontents_140/index.html,2-Star
29,The Barefoot Contessa Cookbook,59.92,Five,In stock,http://books.toscrape.com/catalogue/the-barefoot-contessa-cookbook_440/index.html,5-Star
19,The Diary of a Young Girl,59.9,Three,In stock,http://books.toscrape.com/catalogue/the-diary-of-a-young-girl_634/index.html,3-Star
33,The Bone Hunters (Lexy Vaughan & Steven Macaulay #2),59.71,Three,In stock,http://books.toscrape.com/catalogue/the-bone-hunters-lexy-vaughan-steven-macaulay-2_343/index.html,3-Star
7,Thomas Jefferson and the Tripoli Pirates: The Forgotten War That Changed American History,59.64,One,In stock,http://books.toscrape.com/catalogue/thomas-jefferson-and-the-tripoli-pirates-the-forgotten-war-that-changed-american-history_867/index.html,1-Star
20,Boar Island (Anna Pigeon #19),59.48,Three,In stock,http://books.toscrape.com/catalogue/boar-island-anna-pigeon-19_613/index.html,3-Star
20,The Improbability of Love,59.45,One,In stock,http://books.toscrape.com/catalogue/the-improbability-of-love_607/index.html,1-Star
28,The Man Who Mistook His Wife for a Hat and Other Clinical Tales,59.45,Four,In stock,http://books.toscrape.com/catalogue/the-man-who-mistook-his-wife-for-a-hat-and-other-clinical-tales_451/index.html,4-Star
19,The Gray Rhino: How to Recognize and Act on the Obvious Dangers We Ignore,59.15,Four,In stock,http://books.toscrape.com/catalogue/the-gray-rhino-how-to-recognize-and-act-on-the-obvious-dangers-we-ignore_638/index.html,4-Star
41,Life Without a Recipe,59.04,Five,In stock,http://books.toscrape.com/catalogue/life-without-a-recipe_188/index.html,5-Star
49,Listen to Me (Fusion #1),58.99,Three,In stock,http://books.toscrape.com/catalogue/listen-to-me-fusion-1_29/index.html,3-Star
22,Unlimited Intuition Now,58.87,Four,In stock,http://books.toscrape.com/catalogue/unlimited-intuition-now_578/index.html,4-Star
32,Approval Junkie: Adventures in Caring Too Much,58.81,Five,In stock,http://books.toscrape.com/catalogue/approval-junkie-adventures-in-caring-too-much_363/index.html,5-Star
16,Hamilton: The Revolution,58.79,Three,In stock,http://books.toscrape.com/catalogue/hamilton-the-revolution_699/index.html,3-Star
49,Myriad (Prentor #1),58.75,Four,In stock,http://books.toscrape.com/catalogue/myriad-prentor-1_36/index.html,4-Star
37,The Rose & the Dagger (The Wrath and the Dawn #2),58.64,Four,In stock,http://books.toscrape.com/catalogue/the-rose-the-dagger-the-wrath-and-the-dawn-2_278/index.html,4-Star
35,Candide,58.63,Three,In stock,http://books.toscrape.com/catalogue/candide_316/index.html,3-Star
33,Alight (The Generations Trilogy #2),58.59,Four,In stock,http://books.toscrape.com/catalogue/alight-the-generations-trilogy-2_360/index.html,4-Star
29,Catherine the Great: Portrait of a Woman,58.55,Four,In stock,http://books.toscrape.com/catalogue/catherine-the-great-portrait-of-a-woman_424/index.html,4-Star
24,Miller's Valley,58.54,Two,In stock,http://books.toscrape.com/catalogue/millers-valley_534/index.html,2-Star
48,Shameless,58.35,Three,In stock,http://books.toscrape.com/catalogue/shameless_52/index.html,3-Star
23,Silence in the Dark (Logan Point #4),58.33,Three,In stock,http://books.toscrape.com/catalogue/silence-in-the-dark-logan-point-4_542/index.html,3-Star
19,How to Speak Golf: An Illustrated Guide to Links Lingo,58.32,Five,In stock,http://books.toscrape.com/catalogue/how-to-speak-golf-an-illustrated-guide-to-links-lingo_621/index.html,5-Star
17,Aristotle and Dante Discover the Secrets of the Universe (Aristotle and Dante Discover the Secrets of the Universe #1),58.14,Four,In stock,http://books.toscrape.com/catalogue/aristotle-and-dante-discover-the-secrets-of-the-universe-aristotle-and-dante-discover-the-secrets-of-the-universe-1_663/index.html,4-Star
4,The Death of Humanity: and the Case for Life,58.11,Four,In stock,http://books.toscrape.com/catalogue/the-death-of-humanity-and-the-case-for-life_932/index.html,4-Star
36,"Unstuffed: Decluttering Your Home, Mind, and Soul",58.09,One,In stock,http://books.toscrape.com/catalogue/unstuffed-decluttering-your-home-mind-and-soul_296/index.html,1-Star
37,The Lover's Dictionary,58.09,Two,In stock,http://books.toscrape.com/catalogue/the-lovers-dictionary_262/index.html,2-Star
7,The White Cat and the Monk: A Retelling of the Poem “Pangur Bán”,58.08,Four,In stock,http://books.toscrape.com/catalogue/the-white-cat-and-the-monk-a-retelling-of-the-poem-pangur-ban_865/index.html,4-Star
22,Watchmen,58.05,Four,In stock,http://books.toscrape.com/catalogue/watchmen_579/index.html,4-Star
32,Digital Fortress,58.0,Five,In stock,http://books.toscrape.com/catalogue/digital-fortress_369/index.html,5-Star
36,The Stand,57.86,Two,In stock,http://books.toscrape.com/catalogue/the-stand_282/index.html,2-Star
28,The Sound Of Love,57.84,Five,In stock,http://books.toscrape.com/catalogue/the-sound-of-love_455/index.html,5-Star
41,"Miracles from Heaven: A Little Girl, Her Journey to Heaven, and Her Amazing Story of Healing",57.83,One,In stock,http://books.toscrape.com/catalogue/miracles-from-heaven-a-little-girl-her-journey-to-heaven-and-her-amazing-story-of-healing_195/index.html,1-Star
46,Travels with Charley: In Search of America,57.82,Five,In stock,http://books.toscrape.com/catalogue/travels-with-charley-in-search-of-america_90/index.html,5-Star
30,The Raven Boys (The Raven Cycle #1),57.74,Four,In stock,http://books.toscrape.com/catalogue/the-raven-boys-the-raven-cycle-1_411/index.html,4-Star
47,The No. 1 Ladies' Detective Agency (No. 1 Ladies' Detective Agency #1),57.7,Four,In stock,http://books.toscrape.com/catalogue/the-no-1-ladies-detective-agency-no-1-ladies-detective-agency-1_76/index.html,4-Star
16,El Deafo,57.62,Five,In stock,http://books.toscrape.com/catalogue/el-deafo_691/index.html,5-Star
41,Me Talk Pretty One Day,57.6,Two,In stock,http://books.toscrape.com/catalogue/me-talk-pretty-one-day_193/index.html,2-Star
48,The Bhagavad Gita,57.49,Three,In stock,http://books.toscrape.com/catalogue/the-bhagavad-gita_60/index.html,3-Star
38,The Girl Who Kicked the Hornet's Nest (Millennium Trilogy #3),57.48,One,In stock,http://books.toscrape.com/catalogue/the-girl-who-kicked-the-hornets-nest-millennium-trilogy-3_248/index.html,1-Star
27,John Adams,57.43,Four,In stock,http://books.toscrape.com/catalogue/john-adams_472/index.html,4-Star
45,H is for Hawk,57.42,Five,In stock,http://books.toscrape.com/catalogue/h-is-for-hawk_102/index.html,5-Star
6,Immunity: How Elie Metchnikoff Changed the Course of Modern Medicine,57.36,Five,In stock,http://books.toscrape.com/catalogue/immunity-how-elie-metchnikoff-changed-the-course-of-modern-medicine_900/index.html,5-Star
10,I Had a Nice Time And Other Lies...: How to find love & sh*t like that,57.36,Four,In stock,http://books.toscrape.com/catalogue/i-had-a-nice-time-and-other-lies-how-to-find-love-sht-like-that_814/index.html,4-Star
38,"The Disappearing Spoon: And Other True Tales of Madness, Love, and the History of the World from the Periodic Table of the Elements",57.35,Five,In stock,http://books.toscrape.com/catalogue/the-disappearing-spoon-and-other-true-tales-of-madness-love-and-the-history-of-the-world-from-the-periodic-table-of-the-elements_244/index.html,5-Star
3,Slow States of Collapse: Poems,57.31,Three,In stock,http://books.toscrape.com/catalogue/slow-states-of-collapse-poems_960/index.html,3-Star
1,"Our Band Could Be Your Life: Scenes from the American Indie Underground, 1981-1991",57.25,Three,In stock,http://books.toscrape.com/catalogue/our-band-could-be-your-life-scenes-from-the-american-indie-underground-1981-1991_985/index.html,3-Star
35,Animal Farm,57.22,Three,In stock,http://books.toscrape.com/catalogue/animal-farm_313/index.html,3-Star
49,Kitchens of the Great Midwest,57.2,Five,In stock,http://books.toscrape.com/catalogue/kitchens-of-the-great-midwest_28/index.html,5-Star
50,"Ajin: Demi-Human, Volume 1 (Ajin: Demi-Human #1)",57.06,Four,In stock,http://books.toscrape.com/catalogue/ajin-demi-human-volume-1-ajin-demi-human-1_4/index.html,4-Star
25,Between the World and Me,56.91,Four,In stock,http://books.toscrape.com/catalogue/between-the-world-and-me_513/index.html,4-Star
29,A Year in Provence (Provence #1),56.88,Four,In stock,http://books.toscrape.com/catalogue/a-year-in-provence-provence-1_421/index.html,4-Star
20,Equal Is Unfair: America's Misguided Fight Against Income Inequality,56.86,One,In stock,http://books.toscrape.com/catalogue/equal-is-unfair-americas-misguided-fight-against-income-inequality_617/index.html,1-Star
12,The Wright Brothers,56.8,Four,In stock,http://books.toscrape.com/catalogue/the-wright-brothers_769/index.html,4-Star
7,"A Piece of Sky, a Grain of Rice: A Memoir in Four Meditations",56.76,Five,In stock,http://books.toscrape.com/catalogue/a-piece-of-sky-a-grain-of-rice-a-memoir-in-four-meditations_878/index.html,5-Star
49,"Giant Days, Vol. 1 (Giant Days #1-4)",56.76,Four,In stock,http://books.toscrape.com/catalogue/giant-days-vol-1-giant-days-1-4_22/index.html,4-Star
42,Into the Wild,56.7,Five,In stock,http://books.toscrape.com/catalogue/into-the-wild_177/index.html,5-Star
40,Packing for Mars: The Curious Science of Life in the Void,56.68,Two,In stock,http://books.toscrape.com/catalogue/packing-for-mars-the-curious-science-of-life-in-the-void_205/index.html,2-Star
23,A Shard of Ice (The Black Symphony Saga #1),56.63,Three,In stock,http://books.toscrape.com/catalogue/a-shard-of-ice-the-black-symphony-saga-1_558/index.html,3-Star
29,Fun Home: A Family Tragicomic,56.59,Four,In stock,http://books.toscrape.com/catalogue/fun-home-a-family-tragicomic_428/index.html,4-Star
44,Are We Smart Enough to Know How Smart Animals Are?,56.58,One,In stock,http://books.toscrape.com/catalogue/are-we-smart-enough-to-know-how-smart-animals-are_121/index.html,1-Star
19,The Dinner Party,56.54,Two,In stock,http://books.toscrape.com/catalogue/the-dinner-party_635/index.html,2-Star
20,Eleanor & Park,56.51,Five,In stock,http://books.toscrape.com/catalogue/eleanor-park_616/index.html,5-Star
3,The Past Never Ends,56.5,Four,In stock,http://books.toscrape.com/catalogue/the-past-never-ends_942/index.html,4-Star
18,"A Series of Catastrophes and Miracles: A True Story of Love, Science, and Cancer",56.48,Two,In stock,http://books.toscrape.com/catalogue/a-series-of-catastrophes-and-miracles-a-true-story-of-love-science-and-cancer_655/index.html,2-Star
24,I'll Give You the Sun,56.48,One,In stock,http://books.toscrape.com/catalogue/ill-give-you-the-sun_525/index.html,1-Star
35,A Walk to Remember,56.43,One,In stock,http://books.toscrape.com/catalogue/a-walk-to-remember_312/index.html,1-Star
3,"The Pioneer Woman Cooks: Dinnertime: Comfort Classics, Freezer Food, 16-Minute Meals, and Other Delicious Ways to Solve Supper!",56.41,One,In stock,http://books.toscrape.com/catalogue/the-pioneer-woman-cooks-dinnertime-comfort-classics-freezer-food-16-minute-meals-and-other-delicious-ways-to-solve-supper_943/index.html,1-Star
5,Masks and Shadows,56.4,Two,In stock,http://books.toscrape.com/catalogue/masks-and-shadows_909/index.html,2-Star
18,Abstract City,56.37,Five,In stock,http://books.toscrape.com/catalogue/abstract-city_658/index.html,5-Star
21,It Didn't Start with You: How Inherited Family Trauma Shapes Who We Are and How to End the Cycle,56.27,Three,In stock,http://books.toscrape.com/catalogue/it-didnt-start-with-you-how-inherited-family-trauma-shapes-who-we-are-and-how-to-end-the-cycle_593/index.html,3-Star
3,The Secret of Dreadwillow Carse,56.13,One,In stock,http://books.toscrape.com/catalogue/the-secret-of-dreadwillow-carse_944/index.html,1-Star
36,The Wild Robot,56.07,Three,In stock,http://books.toscrape.com/catalogue/the-wild-robot_288/index.html,3-Star
4,The Electric Pencil: Drawings from Inside State Hospital No. 3,56.06,One,In stock,http://books.toscrape.com/catalogue/the-electric-pencil-drawings-from-inside-state-hospital-no-3_933/index.html,1-Star
17,City of Glass (The Mortal Instruments #3),56.02,Four,In stock,http://books.toscrape.com/catalogue/city-of-glass-the-mortal-instruments-3_678/index.html,4-Star
43,Darkfever (Fever #1),56.02,One,In stock,http://books.toscrape.com/catalogue/darkfever-fever-1_145/index.html,1-Star
30,The False Prince (The Ascendance Trilogy #1),56.0,Five,In stock,http://books.toscrape.com/catalogue/the-false-prince-the-ascendance-trilogy-1_402/index.html,5-Star
9,Suddenly in Love (Lake Haven #1),55.99,Two,In stock,http://books.toscrape.com/catalogue/suddenly-in-love-lake-haven-1_835/index.html,2-Star
22,"The Fabric of the Cosmos: Space, Time, and the Texture of Reality",55.91,One,In stock,http://books.toscrape.com/catalogue/the-fabric-of-the-cosmos-space-time-and-the-texture-of-reality_572/index.html,1-Star
30,The Hiding Place,55.91,Four,In stock,http://books.toscrape.com/catalogue/the-hiding-place_406/index.html,4-Star
8,The Matchmaker's Playbook (Wingmen Inc. #1),55.85,One,In stock,http://books.toscrape.com/catalogue/the-matchmakers-playbook-wingmen-inc-1_850/index.html,1-Star
14,Shtum,55.84,Four,In stock,http://books.toscrape.com/catalogue/shtum_733/index.html,4-Star
49,Old Records Never Die: One Man's Quest for His Vinyl and His Past,55.66,Two,In stock,http://books.toscrape.com/catalogue/old-records-never-die-one-mans-quest-for-his-vinyl-and-his-past_39/index.html,2-Star
25,Future Shock (Future Shock #1),55.65,Five,In stock,http://books.toscrape.com/catalogue/future-shock-future-shock-1_519/index.html,5-Star
35,A New Earth: Awakening to Your Life's Purpose,55.65,Five,In stock,http://books.toscrape.com/catalogue/a-new-earth-awakening-to-your-lifes-purpose_311/index.html,5-Star
37,"The Sandman, Vol. 3: Dream Country (The Sandman (volumes) #3)",55.55,Five,In stock,http://books.toscrape.com/catalogue/the-sandman-vol-3-dream-country-the-sandman-volumes-3_279/index.html,5-Star
38,The Last Painting of Sara de Vos,55.55,Two,In stock,http://books.toscrape.com/catalogue/the-last-painting-of-sara-de-vos_259/index.html,2-Star
7,A Flight of Arrows (The Pathfinders #2),55.53,Five,In stock,http://books.toscrape.com/catalogue/a-flight-of-arrows-the-pathfinders-2_876/index.html,5-Star
50,Alice in Wonderland (Alice's Adventures in Wonderland #1),55.53,One,In stock,http://books.toscrape.com/catalogue/alice-in-wonderland-alices-adventures-in-wonderland-1_5/index.html,1-Star
18,A Brush of Wings (Angels Walking #3),55.51,One,In stock,http://books.toscrape.com/catalogue/a-brush-of-wings-angels-walking-3_651/index.html,1-Star
41,"Lamb: The Gospel According to Biff, Christ's Childhood Pal",55.5,Five,In stock,http://books.toscrape.com/catalogue/lamb-the-gospel-according-to-biff-christs-childhood-pal_182/index.html,5-Star
41,Midnight Riot (Peter Grant/ Rivers of London - books #1),55.46,Two,In stock,http://books.toscrape.com/catalogue/midnight-riot-peter-grant-rivers-of-london-books-1_194/index.html,2-Star
16,Don't Get Caught,55.35,One,In stock,http://books.toscrape.com/catalogue/dont-get-caught_687/index.html,1-Star
25,Being Mortal: Medicine and What Matters in the End,55.06,Four,In stock,http://books.toscrape.com/catalogue/being-mortal-medicine-and-what-matters-in-the-end_512/index.html,4-Star
8,The Girl on the Train,55.02,Two,In stock,http://books.toscrape.com/catalogue/the-girl-on-the-train_844/index.html,2-Star
28,The Perks of Being a Wallflower,55.02,Three,In stock,http://books.toscrape.com/catalogue/the-perks-of-being-a-wallflower_453/index.html,3-Star
42,House of Leaves,54.89,One,In stock,http://books.toscrape.com/catalogue/house-of-leaves_169/index.html,1-Star
43,Dune (Dune #1),54.86,One,In stock,http://books.toscrape.com/catalogue/dune-dune-1_151/index.html,1-Star
22,Suzie Snowflake: One beautiful flake (a self-esteem story),54.81,Five,In stock,http://books.toscrape.com/catalogue/suzie-snowflake-one-beautiful-flake-a-self-esteem-story_568/index.html,5-Star
45,"The Sandman, Vol. 2: The Doll's House (The Sandman (volumes) #2)",54.81,One,In stock,http://books.toscrape.com/catalogue/the-sandman-vol-2-the-dolls-house-the-sandman-volumes-2_110/index.html,1-Star
19,No Love Allowed (Dodge Cove #1),54.65,Four,In stock,http://books.toscrape.com/catalogue/no-love-allowed-dodge-cove-1_625/index.html,4-Star
2,Birdsong: A Story in Pictures,54.64,Three,In stock,http://books.toscrape.com/catalogue/birdsong-a-story-in-pictures_975/index.html,3-Star
6,I am a Hero Omnibus Volume 1,54.63,Three,In stock,http://books.toscrape.com/catalogue/i-am-a-hero-omnibus-volume-1_898/index.html,3-Star
39,Something Blue (Darcy & Rachel #2),54.62,One,In stock,http://books.toscrape.com/catalogue/something-blue-darcy-rachel-2_223/index.html,1-Star
10,Eureka Trivia 6.0,54.59,Four,In stock,http://books.toscrape.com/catalogue/eureka-trivia-60_805/index.html,4-Star
47,The Light of the Fireflies,54.43,One,In stock,http://books.toscrape.com/catalogue/the-light-of-the-fireflies_71/index.html,1-Star
22,The Alien Club,54.4,One,In stock,http://books.toscrape.com/catalogue/the-alien-club_569/index.html,1-Star
19,Murder at the 42nd Street Library (Raymond Ambler #1),54.36,Four,In stock,http://books.toscrape.com/catalogue/murder-at-the-42nd-street-library-raymond-ambler-1_624/index.html,4-Star
6,Everydata: The Misinformation Hidden in the Little Data You Consume Every Day,54.35,Two,In stock,http://books.toscrape.com/catalogue/everydata-the-misinformation-hidden-in-the-little-data-you-consume-every-day_891/index.html,2-Star
45,A Heartbreaking Work of Staggering Genius,54.29,Five,In stock,http://books.toscrape.com/catalogue/a-heartbreaking-work-of-staggering-genius_115/index.html,5-Star
1,Sapiens: A Brief History of Humankind,54.23,Five,In stock,http://books.toscrape.com/catalogue/sapiens-a-brief-history-of-humankind_996/index.html,5-Star
13,The Last Mile (Amos Decker #2),54.21,Two,In stock,http://books.toscrape.com/catalogue/the-last-mile-amos-decker-2_754/index.html,2-Star
24,Proofs of God: Classical Arguments from Tertullian to Barth,54.21,One,In stock,http://books.toscrape.com/catalogue/proofs-of-god-classical-arguments-from-tertullian-to-barth_538/index.html,1-Star
47,"The Sandman, Vol. 1: Preludes and Nocturnes (The Sandman (volumes) #1)",54.12,Three,In stock,http://books.toscrape.com/catalogue/the-sandman-vol-1-preludes-and-nocturnes-the-sandman-volumes-1_79/index.html,3-Star
4,The Murder That Never Was (Forensic Instincts #5),54.11,Three,In stock,http://books.toscrape.com/catalogue/the-murder-that-never-was-forensic-instincts-5_939/index.html,3-Star
16,"Eat Fat, Get Thin",54.07,Two,In stock,http://books.toscrape.com/catalogue/eat-fat-get-thin_688/index.html,2-Star
12,The Rosie Project (Don Tillman #1),54.04,One,In stock,http://books.toscrape.com/catalogue/the-rosie-project-don-tillman-1_761/index.html,1-Star
7,(Un)Qualified: How God Uses Broken People to Do Big Things,54.0,Five,In stock,http://books.toscrape.com/catalogue/unqualified-how-god-uses-broken-people-to-do-big-things_873/index.html,5-Star
20,Take Me Home Tonight (Rock Star Romance #3),53.98,Three,In stock,http://books.toscrape.com/catalogue/take-me-home-tonight-rock-star-romance-3_605/index.html,3-Star
50,1st to Die (Women's Murder Club #1),53.98,One,In stock,http://books.toscrape.com/catalogue/1st-to-die-womens-murder-club-1_2/index.html,1-Star
15,Luis Paints the World,53.95,Three,In stock,http://books.toscrape.com/catalogue/luis-paints-the-world_714/index.html,3-Star
5,Judo: Seven Steps to Black Belt (an Introductory Guide for Beginners),53.9,Two,In stock,http://books.toscrape.com/catalogue/judo-seven-steps-to-black-belt-an-introductory-guide-for-beginners_903/index.html,2-Star
12,"We Are Robin, Vol. 1: The Vigilante Business (We Are Robin #1)",53.9,One,In stock,http://books.toscrape.com/catalogue/we-are-robin-vol-1-the-vigilante-business-we-are-robin-1_778/index.html,1-Star
46,Vampire Girl (Vampire Girl #1),53.82,Two,In stock,http://books.toscrape.com/catalogue/vampire-girl-vampire-girl-1_92/index.html,2-Star
1,Tipping the Velvet,53.74,One,In stock,http://books.toscrape.com/catalogue/tipping-the-velvet_999/index.html,1-Star
39,The Blind Side: Evolution of a Game,53.71,Five,In stock,http://books.toscrape.com/catalogue/the-blind-side-evolution-of-a-game_231/index.html,5-Star
30,What If?: Serious Scientific Answers to Absurd Hypothetical Questions,53.68,Four,In stock,http://books.toscrape.com/catalogue/what-if-serious-scientific-answers-to-absurd-hypothetical-questions_416/index.html,4-Star
24,Out of Print: City Lights Spotlight No. 14,53.64,Five,In stock,http://books.toscrape.com/catalogue/out-of-print-city-lights-spotlight-no-14_536/index.html,5-Star
25,32 Yolks,53.63,Two,In stock,http://books.toscrape.com/catalogue/32-yolks_510/index.html,2-Star
10,Finders Keepers (Bill Hodges Trilogy #2),53.53,Five,In stock,http://books.toscrape.com/catalogue/finders-keepers-bill-hodges-trilogy-2_807/index.html,5-Star
36,"Trespassing Across America: One Man's Epic, Never-Done-Before (and Sort of Illegal) Hike Across the Heartland",53.51,One,In stock,http://books.toscrape.com/catalogue/trespassing-across-america-one-mans-epic-never-done-before-and-sort-of-illegal-hike-across-the-heartland_291/index.html,1-Star
39,The Book Thief,53.49,Two,In stock,http://books.toscrape.com/catalogue/the-book-thief_233/index.html,2-Star
45,Girl Online On Tour (Girl Online #2),53.47,One,In stock,http://books.toscrape.com/catalogue/girl-online-on-tour-girl-online-2_101/index.html,1-Star
2,Aladdin and His Wonderful Lamp,53.13,Three,In stock,http://books.toscrape.com/catalogue/aladdin-and-his-wonderful-lamp_973/index.html,3-Star
41,Lady Renegades (Rebel Belle #3),53.04,Five,In stock,http://books.toscrape.com/catalogue/lady-renegades-rebel-belle-3_181/index.html,5-Star
22,The Art and Science of Low Carbohydrate Living,52.98,Five,In stock,http://books.toscrape.com/catalogue/the-art-and-science-of-low-carbohydrate-living_570/index.html,5-Star
48,One Second (Seven #7),52.94,Two,In stock,http://books.toscrape.com/catalogue/one-second-seven-7_41/index.html,2-Star
46,Diary of a Minecraft Zombie Book 1: A Scare of a Dare (An Unofficial Minecraft Book),52.88,Four,In stock,http://books.toscrape.com/catalogue/diary-of-a-minecraft-zombie-book-1-a-scare-of-a-dare-an-unofficial-minecraft-book_99/index.html,4-Star
26,"Shrunken Treasures: Literary Classics, Short, Sweet, and Silly",52.87,Three,In stock,http://books.toscrape.com/catalogue/shrunken-treasures-literary-classics-short-sweet-and-silly_484/index.html,3-Star
25,Heaven is for Real: A Little Boy's Astounding Story of His Trip to Heaven and Back,52.86,Two,In stock,http://books.toscrape.com/catalogue/heaven-is-for-real-a-little-boys-astounding-story-of-his-trip-to-heaven-and-back_520/index.html,2-Star
14,Someone Like You (The Harrisons #2),52.79,Five,In stock,http://books.toscrape.com/catalogue/someone-like-you-the-harrisons-2_735/index.html,5-Star
7,Thirteen Reasons Why,52.72,One,In stock,http://books.toscrape.com/catalogue/thirteen-reasons-why_866/index.html,1-Star
12,The Testament of Mary,52.67,Four,In stock,http://books.toscrape.com/catalogue/the-testament-of-mary_765/index.html,4-Star
11,Why the Right Went Wrong: Conservatism--From Goldwater to the Tea Party and Beyond,52.65,Four,In stock,http://books.toscrape.com/catalogue/why-the-right-went-wrong-conservatism-from-goldwater-to-the-tea-party-and-beyond_781/index.html,4-Star
43,Dracula,52.62,Three,In stock,http://books.toscrape.com/catalogue/dracula_150/index.html,3-Star
27,"Chronicles, Vol. 1",52.6,Two,In stock,http://books.toscrape.com/catalogue/chronicles-vol-1_462/index.html,2-Star
37,The Nanny Diaries (Nanny #1),52.53,Five,In stock,http://books.toscrape.com/catalogue/the-nanny-diaries-nanny-1_265/index.html,5-Star
38,The Husband's Secret,52.51,Five,In stock,http://books.toscrape.com/catalogue/the-husbands-secret_256/index.html,5-Star
32,"Death Note, Vol. 5: Whiteout (Death Note #5)",52.41,One,In stock,http://books.toscrape.com/catalogue/death-note-vol-5-whiteout-death-note-5_368/index.html,1-Star
28,A Short History of Nearly Everything,52.4,Five,In stock,http://books.toscrape.com/catalogue/a-short-history-of-nearly-everything_457/index.html,5-Star
7,A Court of Thorns and Roses (A Court of Thorns and Roses #1),52.37,One,In stock,http://books.toscrape.com/catalogue/a-court-of-thorns-and-roses-a-court-of-thorns-and-roses-1_874/index.html,1-Star
33,Vogue Colors A to Z: A Fashion Coloring Book,52.35,Four,In stock,http://books.toscrape.com/catalogue/vogue-colors-a-to-z-a-fashion-coloring-book_355/index.html,4-Star
40,Seven Days in the Art World,52.33,Two,In stock,http://books.toscrape.com/catalogue/seven-days-in-the-art-world_220/index.html,2-Star
26,The Bachelor Girl's Guide to Murder (Herringford and Watts Mysteries #1),52.3,Five,In stock,http://books.toscrape.com/catalogue/the-bachelor-girls-guide-to-murder-herringford-and-watts-mysteries-1_491/index.html,5-Star
1,Scott Pilgrim's Precious Little Life (Scott Pilgrim #1),52.29,Five,In stock,http://books.toscrape.com/catalogue/scott-pilgrims-precious-little-life-scott-pilgrim-1_987/index.html,5-Star
13,The Hidden Oracle (The Trials of Apollo #1),52.26,Two,In stock,http://books.toscrape.com/catalogue/the-hidden-oracle-the-trials-of-apollo-1_752/index.html,2-Star
38,The Demon-Haunted World: Science as a Candle in the Dark,52.25,Four,In stock,http://books.toscrape.com/catalogue/the-demon-haunted-world-science-as-a-candle-in-the-dark_242/index.html,4-Star
2,Behind Closed Doors,52.22,Four,In stock,http://books.toscrape.com/catalogue/behind-closed-doors_962/index.html,4-Star
1,The Black Maria,52.15,One,In stock,http://books.toscrape.com/catalogue/the-black-maria_991/index.html,1-Star
14,"Overload: How to Unplug, Unwind, and Unleash Yourself from the Pressure of Stress",52.15,Three,In stock,http://books.toscrape.com/catalogue/overload-how-to-unplug-unwind-and-unleash-yourself-from-the-pressure-of-stress_725/index.html,3-Star
33,The Demonists (Demonist #1),52.11,Two,In stock,http://books.toscrape.com/catalogue/the-demonists-demonist-1_345/index.html,2-Star
6,Danganronpa Volume 1,51.99,Four,In stock,http://books.toscrape.com/catalogue/danganronpa-volume-1_889/index.html,4-Star
46,When I'm Gone,51.96,Three,In stock,http://books.toscrape.com/catalogue/when-im-gone_95/index.html,3-Star
1,A Light in the Attic,51.77,Three,In stock,http://books.toscrape.com/catalogue/a-light-in-the-attic_1000/index.html,3-Star
16,"Eaternity: More than 150 Deliciously Easy Vegan Recipes for a Long, Healthy, Satisfied, Joyful Life",51.75,Five,In stock,http://books.toscrape.com/catalogue/eaternity-more-than-150-deliciously-easy-vegan-recipes-for-a-long-healthy-satisfied-joyful-life_689/index.html,5-Star
26,"Rich Dad, Poor Dad",51.74,One,In stock,http://books.toscrape.com/catalogue/rich-dad-poor-dad_483/index.html,1-Star
15,Lowriders to the Center of the Earth (Lowriders in Space #2),51.51,Two,In stock,http://books.toscrape.com/catalogue/lowriders-to-the-center-of-the-earth-lowriders-in-space-2_712/index.html,2-Star
17,Angels & Demons (Robert Langdon #1),51.48,Three,In stock,http://books.toscrape.com/catalogue/angels-demons-robert-langdon-1_661/index.html,3-Star
43,Do Androids Dream of Electric Sheep? (Blade Runner #1),51.48,One,In stock,http://books.toscrape.com/catalogue/do-androids-dream-of-electric-sheep-blade-runner-1_149/index.html,1-Star
8,The Regional Office Is Under Attack!,51.36,Five,In stock,http://books.toscrape.com/catalogue/the-regional-office-is-under-attack_858/index.html,5-Star
21,"Exit, Pursued by a Bear",51.34,Four,In stock,http://books.toscrape.com/catalogue/exit-pursued-by-a-bear_591/index.html,4-Star
1,Libertarianism for Beginners,51.33,Two,In stock,http://books.toscrape.com/catalogue/libertarianism-for-beginners_982/index.html,2-Star
44,Brave Enough,51.32,Five,In stock,http://books.toscrape.com/catalogue/brave-enough_135/index.html,5-Star
50,"Eat, Pray, Love",51.32,Three,In stock,http://books.toscrape.com/catalogue/eat-pray-love_16/index.html,3-Star
32,America's War for the Greater Middle East: A Military History,51.22,Two,In stock,http://books.toscrape.com/catalogue/americas-war-for-the-greater-middle-east-a-military-history_361/index.html,2-Star
43,"Friday Night Lights: A Town, a Team, and a Dream",51.22,Three,In stock,http://books.toscrape.com/catalogue/friday-night-lights-a-town-a-team-and-a-dream_158/index.html,3-Star
27,Leave This Song Behind: Teen Poetry at Its Best,51.17,Five,In stock,http://books.toscrape.com/catalogue/leave-this-song-behind-teen-poetry-at-its-best_474/index.html,5-Star
23,The High Mountains of Portugal,51.15,One,In stock,http://books.toscrape.com/catalogue/the-high-mountains-of-portugal_547/index.html,1-Star
42,Holidays on Ice,51.07,Two,In stock,http://books.toscrape.com/catalogue/holidays-on-ice_167/index.html,2-Star
4,"Saga, Volume 5 (Saga (Collected Editions) #5)",51.04,Two,In stock,http://books.toscrape.com/catalogue/saga-volume-5-saga-collected-editions-5_923/index.html,2-Star
29,Tell the Wolves I'm Home,50.96,Two,In stock,http://books.toscrape.com/catalogue/tell-the-wolves-im-home_439/index.html,2-Star
45,#GIRLBOSS,50.96,One,In stock,http://books.toscrape.com/catalogue/girlboss_113/index.html,1-Star
14,"Quarter Life Poetry: Poems for the Young, Broke and Hangry",50.89,Five,In stock,http://books.toscrape.com/catalogue/quarter-life-poetry-poems-for-the-young-broke-and-hangry_727/index.html,5-Star
17,Catching Jordan (Hundred Oaks),50.83,Three,In stock,http://books.toscrape.com/catalogue/catching-jordan-hundred-oaks_673/index.html,3-Star
36,Very Good Lives: The Fringe Benefits of Failure and the Importance of Imagination,50.66,Three,In stock,http://books.toscrape.com/catalogue/very-good-lives-the-fringe-benefits-of-failure-and-the-importance-of-imagination_298/index.html,3-Star
17,Barefoot Contessa at Home: Everyday Recipes You'll Make Over and Over Again,50.62,Five,In stock,http://books.toscrape.com/catalogue/barefoot-contessa-at-home-everyday-recipes-youll-make-over-and-over-again_666/index.html,5-Star
47,The Name of the Wind (The Kingkiller Chronicle #1),50.59,Three,In stock,http://books.toscrape.com/catalogue/the-name-of-the-wind-the-kingkiller-chronicle-1_74/index.html,3-Star
11,Amatus,50.54,Five,In stock,http://books.toscrape.com/catalogue/amatus_787/index.html,5-Star
23,A Hero's Curse (The Unseen Chronicles #1),50.49,Three,In stock,http://books.toscrape.com/catalogue/a-heros-curse-the-unseen-chronicles-1_557/index.html,3-Star
34,"Fruits Basket, Vol. 4 (Fruits Basket #4)",50.44,Four,In stock,http://books.toscrape.com/catalogue/fruits-basket-vol-4-fruits-basket-4_321/index.html,4-Star
4,"Rat Queens, Vol. 3: Demons (Rat Queens (Collected Editions) #11-15)",50.4,Three,In stock,http://books.toscrape.com/catalogue/rat-queens-vol-3-demons-rat-queens-collected-editions-11-15_921/index.html,3-Star
27,Nightstruck: A Novel,50.35,Four,In stock,http://books.toscrape.com/catalogue/nightstruck-a-novel_480/index.html,4-Star
3,"We Love You, Charlie Freeman",50.27,Five,In stock,http://books.toscrape.com/catalogue/we-love-you-charlie-freeman_954/index.html,5-Star
33,The Pilgrim's Progress,50.26,Two,In stock,http://books.toscrape.com/catalogue/the-pilgrims-progress_353/index.html,2-Star
40,Rogue Lawyer (Rogue Lawyer #1),50.11,Three,In stock,http://books.toscrape.com/catalogue/rogue-lawyer-rogue-lawyer-1_214/index.html,3-Star
1,Soumission,50.1,One,In stock,http://books.toscrape.com/catalogue/soumission_998/index.html,1-Star
29,In Cold Blood,49.98,Four,In stock,http://books.toscrape.com/catalogue/in-cold-blood_432/index.html,4-Star
42,If I Run (If I Run #1),49.97,Four,In stock,http://books.toscrape.com/catalogue/if-i-run-if-i-run-1_174/index.html,4-Star
